{
    "0_mse": {
        "0": {
            "mse": 0.30545103549957275,
            "mae": 0.42011815309524536
        },
        "1": {
            "mse": 0.6233489513397217,
            "mae": 0.7389228343963623
        },
        "2": {
            "mse": 0.9581305384635925,
            "mae": 0.9200635552406311
        },
        "3": {
            "mse": 0.8272741436958313,
            "mae": 0.8743301033973694
        },
        "4": {
            "mse": 1.098199486732483,
            "mae": 0.9765483140945435
        }
    },
    "0_mae": {
        "0": {
            "mse": 0.8355262279510498,
            "mae": 0.7466192841529846
        },
        "1": {
            "mse": 1.285088062286377,
            "mae": 1.0591070652008057
        },
        "2": {
            "mse": 1.6395623683929443,
            "mae": 1.23958158493042
        },
        "3": {
            "mse": 1.573407769203186,
            "mae": 1.1972529888153076
        },
        "4": {
            "mse": 1.7903292179107666,
            "mae": 1.2961063385009766
        }
    },
    "1_mse": {
        "0": {
            "mse": 0.47475123405456543,
            "mae": 0.5344035625457764
        },
        "1": {
            "mse": 0.8366259336471558,
            "mae": 0.8512054085731506
        },
        "2": {
            "mse": 1.1544148921966553,
            "mae": 1.031630277633667
        },
        "3": {
            "mse": 1.0397721529006958,
            "mae": 0.9890011548995972
        },
        "4": {
            "mse": 1.2965590953826904,
            "mae": 1.1116104125976562
        }
    },
    "1_mae": {
        "0": {
            "mse": 0.16630734503269196,
            "mae": 0.2991519570350647
        },
        "1": {
            "mse": 0.2909778952598572,
            "mae": 0.4436713457107544
        },
        "2": {
            "mse": 0.5794263482093811,
            "mae": 0.6193420886993408
        },
        "3": {
            "mse": 0.45695754885673523,
            "mae": 0.5709124803543091
        },
        "4": {
            "mse": 0.9288733601570129,
            "mae": 0.903195321559906
        }
    },
    "2_mse": {
        "0": {
            "mse": 0.05743972584605217,
            "mae": 0.17971010506153107
        },
        "1": {
            "mse": 0.18853677809238434,
            "mae": 0.3606489598751068
        },
        "2": {
            "mse": 0.43945300579071045,
            "mae": 0.537641704082489
        },
        "3": {
            "mse": 0.3294234275817871,
            "mae": 0.4950793981552124
        },
        "4": {
            "mse": 0.6804652214050293,
            "mae": 0.7007021903991699
        }
    },
    "2_mae": {
        "0": {
            "mse": 0.07603450119495392,
            "mae": 0.18441727757453918
        },
        "1": {
            "mse": 0.25471940636634827,
            "mae": 0.422319233417511
        },
        "2": {
            "mse": 0.5267691016197205,
            "mae": 0.597930908203125
        },
        "3": {
            "mse": 0.44057905673980713,
            "mae": 0.5597217082977295
        },
        "4": {
            "mse": 0.8621598482131958,
            "mae": 0.8161240816116333
        }
    }
}