{
    "type": "CameraData",
    "data": [
        {
            "camera_name": "center",
            "f_number": 1.8,
            "pixel_size": 1.55,
            "resolution": [
                4056,
                3040
            ],
            "intrinsic_matrix": [
                [
                    3145.182861328125,
                    0.0,
                    2020.5416259765625
                ],
                [
                    0.0,
                    3141.20361328125,
                    1533.873291015625
                ],
                [
                    0.0,
                    0.0,
                    1.0
                ]
            ],
            "translation": [
                0.0,
                0.0,
                0.0
            ],
            "rotation": [
                0.0,
                0.0,
                0.0,
                1.0
            ],
            "sensor_size": [
                6.2867999999999995,
                4.712
            ],
            "sensor_diagonal": 7.856640391414131,
            "focal_lenght": 4.875033435058594,
            "offset": [
                -0.0018388496113010966,
                0.004563582570929259
            ]
        },
        {
            "camera_name": "left",
            "f_number": 2.0,
            "pixel_size": 3.0,
            "resolution": [
                1280,
                800
            ],
            "intrinsic_matrix": [
                [
                    854.8818359375,
                    0.0,
                    642.4810180664062
                ],
                [
                    0.0,
                    855.5680541992188,
                    412.2905578613281
                ],
                [
                    0.0,
                    0.0,
                    1.0
                ]
            ],
            "translation": [
                0.03718665361404419,
                0.00018817467615008353,
                0.0011890194565057754
            ],
            "rotation": [
                0,
                0.2474039592545229,
                0.0,
                0.968912421710645
            ],
            "sensor_size": [
                3.84,
                2.4
            ],
            "sensor_diagonal": 4.5283109433871696,
            "focal_lenght": 2.5646455078125,
            "offset": [
                0.0019382953643798384,
                0.01536319732666025
            ]
        },
        {
            "camera_name": "right",
            "f_number": 2.0,
            "pixel_size": 3.0,
            "resolution": [
                1280,
                800
            ],
            "intrinsic_matrix": [
                [
                    855.6385498046875,
                    0.0,
                    642.7813720703125
                ],
                [
                    0.0,
                    856.3507080078125,
                    407.1949462890625
                ],
                [
                    0.0,
                    0.0,
                    1.0
                ]
            ],
            "translation": [
                -0.037413914203643796,
                5.858276970684528e-05,
                0.0013307106494903564
            ],
            "rotation": [
                0,
                0,
                -0.706825181105366,
                0.7073882691671998
            ],
            "sensor_size": [
                3.84,
                2.4
            ],
            "sensor_diagonal": 4.5283109433871696,
            "focal_lenght": 2.5669156494140624,
            "offset": [
                0.0021729469299316406,
                0.008993682861328178
            ]
        }
    ]
}